{"cameraMode":{"drawMode":0,"name":"Shaded","section":"Shading Mode"},"sceneLighting":true,"audioPlay":false,"sceneViewState":{"m_AlwaysRefresh":false,"showFog":true,"showSkybox":true,"showFlares":true,"showImageEffects":true,"showParticleSystems":true,"showVisualEffectGraphs":true,"m_FxEnabled":true},"in2DMode":false,"pivot":{"x":0.3350796103477478,"y":4.272087574005127,"z":-18.73399543762207},"rotation":{"x":-0.30430707335472109,"y":0.0014597892295569182,"z":0.0011014544870704413,"w":-0.9532653093338013},"size":35.42835998535156,"orthographic":false}